Metric,Value
MSE,0.00010050871230239051
RMSE,0.010025403348613487
MAE,0.006793454510435948
R2,-0.011489546990896882
