Parameter,Value,P-Value
const,-3.968253968253958e-05,0.0
Return,0.9999999999999991,0.0
