Metric,Value
MSE,0.4593790038154868
RMSE,0.6777750392390434
MAE,0.5649837661153604
R2,-0.24591297077792085
