Metric,Value
MSE,8.748848505989435e-07
RMSE,0.0009353527947245058
MAE,0.0005894318825886917
R2,0.990252964416889
