Metric,Value
MSE,8.053109317620799e-05
RMSE,0.008973911810142107
MAE,0.006318597991785694
R2,-0.014075941275988102
