Metric,Value
MSE,0.0001811193816514771
RMSE,0.013458060099861238
MAE,0.01135032179169468
R2,-1.0178393265575867
